Business name,Business category,Full address,Phone number (if available),Website URL,Star rating,Total number of reviews,Business location
Bar.Kar KL Restaurant,Restaurant,"· NO. 199, SUITES G-06, GROUND FLOOR, BAR.KAR KL RESTAURANT, G Tower, Jln Tun Razak",N/A,https://www.google.com/maps/place/Bar.Kar+KL+Restaurant/data=!4m7!3m6!1s0x31cc37a1397e031d:0x50d7531825625b44!8m2!3d3.1591153!4d101.719729!16s%2Fg%2F11vlzgfc4k!19sChIJHQN-OaE3zDERRFtiJRhT11A?authuser=0&hl=en&rclk=1,4.6,"1,959",Kuala Lumpur
Sarastro KL by Millennium,Restaurant,"· 8th Floor, Tribeca Serviced Hotel, 215, Jln Imbi",N/A,https://www.google.com/maps/place/Sarastro+KL+by+Millennium/data=!4m7!3m6!1s0x31cc37c29118016f:0xef281898bfa81b34!8m2!3d3.1463572!4d101.7158729!16s%2Fg%2F11y2dgm4cg!19sChIJbwEYkcI3zDERNBuov5gYKO8?authuser=0&hl=en&rclk=1,4.8,686,Kuala Lumpur
Poblano Kl,Latin American,"· Old Malaya, Lot 4, Lorong Raja Chulan",N/A,https://www.google.com/maps/place/Poblano+Kl/data=!4m7!3m6!1s0x31cc49be03a4c1e5:0x5343adc2a84334b5!8m2!3d3.1505649!4d101.7043095!16s%2Fg%2F11s96f30wf!19sChIJ5cGkA75JzDERtTRDqMKtQ1M?authuser=0&hl=en&rclk=1,4.9,"2,828",Kuala Lumpur
UpperDeck KL,Restaurant,Open · Closes 3 pm · Reopens 5:30 pm,N/A,https://www.google.com/maps/place/UpperDeck+KL/data=!4m7!3m6!1s0x31cc49a4dc9b8e3b:0x99c2acf81c8705e6!8m2!3d3.140819!4d101.6982015!16s%2Fg%2F11t7p59m1b!19sChIJO46b3KRJzDER5gWHHPiswpk?authuser=0&hl=en&rclk=1,4.7,921,Kuala Lumpur
Come On Tigers Restaurant Kuala Lumpur,Restaurant,N/A,N/A,https://www.google.com/maps/place/Come+On+Tigers+Restaurant+Kuala+Lumpur/data=!4m7!3m6!1s0x31cc37c2ee955bdd:0x8bebaf0edf0b7a46!8m2!3d3.1583282!4d101.7144929!16s%2Fg%2F11s40kbj55!19sChIJ3VuV7sI3zDERRnoL3w6v64s?authuser=0&hl=en&rclk=1,4.7,169,Kuala Lumpur
Les Bouchons Kuala Lumpur • Jalan Mayang,Steak,"· First Floor, Lot 183, Jalan Mayang, Off, Jalan Yap Kwan Seng",N/A,https://www.google.com/maps/place/Les+Bouchons+Kuala+Lumpur+%E2%80%A2+Jalan+Mayang/data=!4m7!3m6!1s0x31cc3729b5666a6d:0xdab61b7720392f63!8m2!3d3.16039!4d101.7112716!16s%2Fg%2F11v0j8bnxj!19sChIJbWpmtSk3zDERYy85IHcbtto?authuser=0&hl=en&rclk=1,4.7,611,Kuala Lumpur
Kampai KLCC,Fine Dining,"· Lot 139, First Floor, Park Side",N/A,https://www.google.com/maps/place/Kampai+KLCC/data=!4m7!3m6!1s0x31cc3715b578e26b:0x102147958a342dbc!8m2!3d3.157223!4d101.7131014!16s%2Fg%2F11lcktgbs5!19sChIJa-J4tRU3zDERvC00ipVHIRA?authuser=0&hl=en&rclk=1,4.8,619,Kuala Lumpur
Irama Dining Kuala Lumpur,Malaysian,"· No 66-68, Lot 2, Lorong Raja Chulan",N/A,https://www.google.com/maps/place/Irama+Dining+Kuala+Lumpur/data=!4m7!3m6!1s0x31cc491cf81fb4f1:0xb4bf5c176fee2f0a!8m2!3d3.150514!4d101.704334!16s%2Fg%2F11tf12n2jn!19sChIJ8bQf-BxJzDERCi_ubxdcv7Q?authuser=0&hl=en&rclk=1,4.6,815,Kuala Lumpur
Makan Kitchen • DoubleTree by Hilton Kuala Lumpur,· $$$,"· Level 11, Makan Kitchen, DoubleTree by Hilton, The Intermark, 348, Jln Tun Razak",N/A,https://www.google.com/maps/place/Makan+Kitchen+%E2%80%A2+DoubleTree+by+Hilton+Kuala+Lumpur/data=!4m7!3m6!1s0x31cc37c56778d91b:0x36107c73a41b4799!8m2!3d3.1608817!4d101.7202951!16s%2Fg%2F1td6pq_h!19sChIJG9l4Z8U3zDERmUcbpHN8EDY?authuser=0&hl=en&rclk=1,4.6,"1,648",Kuala Lumpur
Reuben's KL,Restaurant,N/A,N/A,https://www.google.com/maps/place/Reuben%27s+KL/data=!4m7!3m6!1s0x31cc37db0ee14ba5:0x2927c8edfd61a618!8m2!3d3.1480677!4d101.708795!16s%2Fg%2F11w8dlp7nq!19sChIJpUvhDts3zDERGKZh_e3IJyk?authuser=0&hl=en&rclk=1,4.9,756,Kuala Lumpur
Manja KL,· $$$,N/A,N/A,https://www.google.com/maps/place/Manja+KL/data=!4m7!3m6!1s0x31cc49d5244b3c29:0x70a8f8e46b0f8b3!8m2!3d3.1506522!4d101.7042369!16s%2Fg%2F11c0rl4798!19sChIJKTxLJNVJzDERs_iwRo6PCgc?authuser=0&hl=en&rclk=1,4.5,"1,033",Kuala Lumpur
NADODI,Fine Dining,"· Level 7A, Four Seasons Hotel, Jln Ampang",N/A,https://www.google.com/maps/place/NADODI/data=!4m7!3m6!1s0x31cc37d0ae7fc969:0xe33db9e833919834!8m2!3d3.1578903!4d101.7136528!16s%2Fg%2F11cs9l_kkb!19sChIJacl_rtA3zDERNJiRM-i5PeM?authuser=0&hl=en&rclk=1,4.7,906,Kuala Lumpur
Raw (formerly Raw Kitchen Hall),Restaurant,"· Ground Floor, 145, Jalan Tun H S Lee",N/A,https://www.google.com/maps/place/Raw+%28formerly+Raw+Kitchen+Hall%29/data=!4m7!3m6!1s0x31cc49c51fe45ee7:0x492bf01cca68078!8m2!3d3.1443312!4d101.6965673!16s%2Fg%2F11tcvj7l97!19sChIJ517kH8VJzDEReICmzAG_kgQ?authuser=0&hl=en&rclk=1,4.6,"1,034",Kuala Lumpur
Blackbyrd KL,Fusion restaurant,N/A,N/A,https://www.google.com/maps/place/Blackbyrd+KL/data=!4m7!3m6!1s0x31cc37cfe103acf3:0x7b1e0b65463c933d!8m2!3d3.1547228!4d101.7183915!16s%2Fg%2F11c5rp5th6!19sChIJ86wD4c83zDERPZM8RmULHns?authuser=0&hl=en&rclk=1,4.3,"1,756",Kuala Lumpur
ZENZERO Restaurant & Wine Bar,Italian,"· Lot AG1 Amplewest@Menara 6 No, Jalan Puncak",N/A,https://www.google.com/maps/place/ZENZERO+Restaurant+%26+Wine+Bar/data=!4m7!3m6!1s0x31cc37d54fc97a65:0xc3b289bbe6473dc8!8m2!3d3.1518013!4d101.706316!16s%2Fg%2F11btsv0mk6!19sChIJZXrJT9U3zDERyD1H5ruJssM?authuser=0&hl=en&rclk=1,4.8,"3,277",Kuala Lumpur
1919 Restaurant KL,· $$,N/A,N/A,https://www.google.com/maps/place/1919+Restaurant+KL/data=!4m7!3m6!1s0x31cc37da2fb0b047:0x76f50482b321a0f9!8m2!3d3.1619772!4d101.7131843!16s%2Fg%2F1hc2m5y9n!19sChIJR7CwL9o3zDER-aAhs4IE9XY?authuser=0&hl=en&rclk=1,4.6,"2,168",Kuala Lumpur
Bara On Six | Steakhouse and Bar,Restaurant,N/A,N/A,https://www.google.com/maps/place/Bara+On+Six+%7C+Steakhouse+and+Bar/data=!4m7!3m6!1s0x31cc3734380c1bbb:0x4a0a117c161c85d7!8m2!3d3.1540149!4d101.7151013!16s%2Fg%2F11k9n7w8gh!19sChIJuxsMODQ3zDER14UcFnwRCko?authuser=0&hl=en&rclk=1,4.7,305,Kuala Lumpur
ATAS,Malaysian,Open · Closes 2:30 pm · Reopens 6 pm,N/A,https://www.google.com/maps/place/ATAS/data=!4m7!3m6!1s0x31cc3785f571c251:0x4a1284e7c69d861a!8m2!3d3.1523671!4d101.7145106!16s%2Fg%2F11j1_j4p80!19sChIJUcJx9YU3zDERGoadxueEEko?authuser=0&hl=en&rclk=1,4.7,715,Kuala Lumpur
Mona Lisa Kitchen and Bar,Western,N/A,N/A,https://www.google.com/maps/place/Mona+Lisa+Kitchen+and+Bar/data=!4m7!3m6!1s0x31cc4982589df577:0x7af87fc5fca41678!8m2!3d3.1441002!4d101.6984204!16s%2Fg%2F11y57gh6sk!19sChIJd_WdWIJJzDEReBak_MV_-Ho?authuser=0&hl=en&rclk=1,4.7,271,Kuala Lumpur
BAAN26,· $$,N/A,N/A,https://www.google.com/maps/place/BAAN26/data=!4m7!3m6!1s0x31cc372bebf19c99:0x73d6d7ee7570e347!8m2!3d3.1478827!4d101.7076412!16s%2Fg%2F1tfm44ly!19sChIJmZzx6ys3zDERR-Nwde7X1nM?authuser=0&hl=en&rclk=1,4.5,"1,077",Kuala Lumpur
The Chow Kit Kitchen & Bar,Malaysian,N/A,N/A,https://www.google.com/maps/place/The+Chow+Kit+Kitchen+%26+Bar/data=!4m7!3m6!1s0x31cc492e41b936cb:0xe11f97b659c36067!8m2!3d3.1603398!4d101.6967391!16s%2Fg%2F11pwqcmqvh!19sChIJyza5QS5JzDERZ2DDWbaXH-E?authuser=0&hl=en&rclk=1,4.4,322,Kuala Lumpur
Monal Restaurant Kuala Lumpur,Pakistani,"· 84 & 86, Jln Sultan Azlan Shah",N/A,https://www.google.com/maps/place/Monal+Restaurant+Kuala+Lumpur/data=!4m7!3m6!1s0x31cc49d423bee1fb:0xad117961e4505dc6!8m2!3d3.1692699!4d101.6956621!16s%2Fg%2F11lyxxqbbf!19sChIJ--G-I9RJzDERxl1Q5GF5Ea0?authuser=0&hl=en&rclk=1,4.7,448,Kuala Lumpur
UMI Japanese Restaurant (Imperial Lexis KL),Restaurant,Open · Closes 3 pm · Reopens 6 pm,N/A,https://www.google.com/maps/place/UMI+Japanese+Restaurant+%28Imperial+Lexis+KL%29/data=!4m7!3m6!1s0x31cc37bcb8280713:0xcd4a9dd4b13c16a5!8m2!3d3.1528082!4d101.7163633!16s%2Fg%2F11y4xhzbjc!19sChIJEwcouLw3zDERpRY8sdSdSs0?authuser=0&hl=en&rclk=1,4.8,133,Kuala Lumpur
Beta KL,Fine Dining,N/A,N/A,https://www.google.com/maps/place/Beta+KL/data=!4m7!3m6!1s0x31cc37d5b1353095:0x97a4b6414ea3bb29!8m2!3d3.1545842!4d101.7090979!16s%2Fg%2F11gfgm5xnc!19sChIJlTA1sdU3zDERKbujTkG2pJc?authuser=0&hl=en&rclk=1,4.8,"1,330",Kuala Lumpur
The Dark Horse - Bar & Grill,· $$,"· Lot G-05, Life Centre, 20, Jln Sultan Ismail",N/A,https://www.google.com/maps/place/The+Dark+Horse+-+Bar+%26+Grill/data=!4m7!3m6!1s0x31cc37eee1555169:0x9c2f427cb7dd2617!8m2!3d3.1539829!4d101.7086118!16s%2Fg%2F11p06wwv1q!19sChIJaVFV4e43zDERFybdt3xCL5w?authuser=0&hl=en&rclk=1,4.5,"1,483",Kuala Lumpur
Fuego at Troika Sky Dining,South American,"· Level 23A Tower B, The Troika, 19, Persiaran KLCC",N/A,https://www.google.com/maps/place/Fuego+at+Troika+Sky+Dining/data=!4m7!3m6!1s0x31cc37d1d7fddcc3:0xfb3baf76fe660b25!8m2!3d3.158464!4d101.7181922!16s%2Fg%2F11b764q9yz!19sChIJw9z919E3zDERJQtm_navO_s?authuser=0&hl=en&rclk=1,4.7,"3,063",Kuala Lumpur
"PRIME , Le Méridien Kuala Lumpur",Steak,Open · Closes 3 pm · Reopens 6 pm,N/A,"https://www.google.com/maps/place/PRIME+,+Le+M%C3%A9ridien+Kuala+Lumpur/data=!4m7!3m6!1s0x31cc49c05464fca5:0x8f55a48d79427608!8m2!3d3.1355924!4d101.6862869!16s%2Fg%2F1tv3l5gy!19sChIJpfxkVMBJzDERCHZCeY2kVY8?authuser=0&hl=en&rclk=1",4.4,648,Kuala Lumpur
Bijan Bar & Restaurant,Malaysian,N/A,N/A,https://www.google.com/maps/place/Bijan+Bar+%26+Restaurant/data=!4m7!3m6!1s0x31cc49d5a4bb4585:0xdefcae21c2ee52ad!8m2!3d3.1484858!4d101.7059234!16s%2Fg%2F1tf55cvp!19sChIJhUW7pNVJzDERrVLuwiGu_N4?authuser=0&hl=en&rclk=1,4.5,"2,925",Kuala Lumpur
Mojo Restaurant & Bar KL,Restaurant,"· Asian Heritage Row, 42, Jalan Doraisamy",N/A,https://www.google.com/maps/place/Mojo+Restaurant+%26+Bar+KL/data=!4m7!3m6!1s0x31cc482ee8e0f2bb:0x5ee8f0f33d7f6752!8m2!3d3.1580716!4d101.6994663!16s%2Fg%2F1tj3hkqc!19sChIJu_Lg6C5IzDERUmd_PfPw6F4?authuser=0&hl=en&rclk=1,4.6,845,Kuala Lumpur
El Iberico,Spanish,"· Unit G-1, Seri 8, Lorong Ceylon",N/A,https://www.google.com/maps/place/El+Iberico/data=!4m7!3m6!1s0x31cc362c7b6498fb:0x7fa334ffc1f516d2!8m2!3d3.1488315!4d101.707404!16s%2Fg%2F11g9q9j2mm!19sChIJ-5hkeyw2zDER0hb1wf80o38?authuser=0&hl=en&rclk=1,4.3,345,Kuala Lumpur
AQUA Restaurant & Grill Bar,Grill,N/A,N/A,https://www.google.com/maps/place/AQUA+Restaurant+%26+Grill+Bar/data=!4m7!3m6!1s0x31cc37d40f870bf3:0x12089bc8b23f0c2e!8m2!3d3.1558094!4d101.7119611!16s%2Fg%2F11bv_dgl5k!19sChIJ8wuHD9Q3zDERLgw_ssibCBI?authuser=0&hl=en&rclk=1,4.3,217,Kuala Lumpur
STYLE All-Day Dining,Restaurant,"· STYLE All-Day Dining THE FACE Style, 1020, Jln Sultan Ismail",N/A,https://www.google.com/maps/place/STYLE+All-Day+Dining/data=!4m7!3m6!1s0x31cc490021a2fe4b:0x263aa060529203e8!8m2!3d3.1583931!4d101.7047214!16s%2Fg%2F11vplmgsqd!19sChIJS_6iIQBJzDER6AOSUmCgOiY?authuser=0&hl=en&rclk=1,4.3,54,Kuala Lumpur
PAAN KL,Pan Asian,N/A,N/A,https://www.google.com/maps/place/PAAN+KL/data=!4m7!3m6!1s0x31cc37bee842467f:0xcd0cdac1db81f00!8m2!3d3.1470593!4d101.7082083!16s%2Fg%2F11lc_2gdkd!19sChIJf0ZC6L43zDERAB-4HazN0Aw?authuser=0&hl=en&rclk=1,4.8,385,Kuala Lumpur
Cielo Rooftop - Dining and Lounge,Restaurant,"· 23-01, 1D, Vida, 1D, Jalan Ceylon",N/A,https://www.google.com/maps/place/Cielo+Rooftop+-+Dining+and+Lounge/data=!4m7!3m6!1s0x31cc49d5863e4947:0x5c50c0938ecd61f1!8m2!3d3.1483939!4d101.7066102!16s%2Fg%2F11ggvxxt_m!19sChIJR0k-htVJzDER8WHNjpPAUFw?authuser=0&hl=en&rclk=1,4.6,"1,190",Kuala Lumpur
Dining In The Dark KL,Fine Dining,N/A,N/A,https://www.google.com/maps/place/Dining+In+The+Dark+KL/data=!4m7!3m6!1s0x31cc362a154f794f:0xe6083b3f0bc7d703!8m2!3d3.1475714!4d101.7082255!16s%2Fg%2F1jky94gyh!19sChIJT3lPFSo2zDERA9fHCz87COY?authuser=0&hl=en&rclk=1,4.7,"1,125",Kuala Lumpur
"Sichuan Kitchen, Four Points By Sheraton Kuala Lumpur, City Centre",Restaurant,Open · Closes 3 pm · Reopens 6 pm,N/A,"https://www.google.com/maps/place/Sichuan+Kitchen,+Four+Points+By+Sheraton+Kuala+Lumpur,+City+Centre/data=!4m7!3m6!1s0x31cc497493d7c139:0x61ca14868c143e97!8m2!3d3.1575192!4d101.70572!16s%2Fg%2F11l5pxy6jr!19sChIJOcHXk3RJzDERlz4UjIYUymE?authuser=0&hl=en&rclk=1",4.8,62,Kuala Lumpur
Barra Restaurant,Spanish,N/A,N/A,https://www.google.com/maps/place/Barra+Restaurant/data=!4m7!3m6!1s0x31cc497a648d4cd7:0x60ed6f32bb8eda72!8m2!3d3.140819!4d101.6982015!16s%2Fg%2F11y1xqqf4k!19sChIJ10yNZHpJzDERctqOuzJv7WA?authuser=0&hl=en&rclk=1,4.5,208,Kuala Lumpur
Gardenman KL,Family-friendly,"· No A-0-8, Ground Floor, St Mary Place, 1, Jalan Tengah",N/A,https://www.google.com/maps/place/Gardenman+KL/data=!4m7!3m6!1s0x31cc3798552cc141:0x704be496894123db!8m2!3d3.151903!4d101.7079466!16s%2Fg%2F11ng6r7kj_!19sChIJQcEsVZg3zDER2yNBiZbkS3A?authuser=0&hl=en&rclk=1,4.6,254,Kuala Lumpur
TAZYEEN Arabic and Mughlai Cuisine,Restaurant,"· TAZYEEN Arabic and Mughal Cuisine Adjacent to City Central Hotel, 82, Jalan Tun Sambanthan",N/A,https://www.google.com/maps/place/TAZYEEN+Arabic+and+Mughlai+Cuisine/data=!4m7!3m6!1s0x31cc4919451e88e9:0xd9f15caa63c46d89!8m2!3d3.1332525!4d101.6883283!16s%2Fg%2F11p6h54ql0!19sChIJ6YgeRRlJzDERiW3EY6pc8dk?authuser=0&hl=en&rclk=1,4.7,"1,258",Kuala Lumpur
De.Wan 1958 by Chef Wan,· $$$,Open · Closes 3:30 pm · Reopens 6 pm,N/A,https://www.google.com/maps/place/De.Wan+1958+by+Chef+Wan/data=!4m7!3m6!1s0x31cc37abff5d814d:0x33d182d10f54e2e8!8m2!3d3.1596253!4d101.7207488!16s%2Fg%2F11h0yfzsk6!19sChIJTYFd_6s3zDER6OJUD9GC0TM?authuser=0&hl=en&rclk=1,4.7,"7,843",Kuala Lumpur
Bestow Restaurant,Restaurant,N/A,N/A,https://www.google.com/maps/place/Bestow+Restaurant/data=!4m7!3m6!1s0x31cc373fc2947e6f:0x9dfa81b79735a928!8m2!3d3.1410521!4d101.7113701!16s%2Fg%2F11p56kmfm7!19sChIJb36Uwj83zDERKKk1l7eB-p0?authuser=0&hl=en&rclk=1,4.5,748,Kuala Lumpur
Malai Thai Cuisine,· $$,"· Ground Floor, Menara Ample West, 6, Jalan P. Ramlee",N/A,https://www.google.com/maps/place/Malai+Thai+Cuisine/data=!4m7!3m6!1s0x31cc37d7fd9456cd:0x720f19583174ca41!8m2!3d3.1520599!4d101.706289!16s%2Fg%2F11f6cs4626!19sChIJzVaU_dc3zDERQcp0MVgZD3I?authuser=0&hl=en&rclk=1,4.5,"1,745",Kuala Lumpur
Indian Empire,Indian,N/A,N/A,https://www.google.com/maps/place/Indian+Empire/data=!4m7!3m6!1s0x31cc37801ecd2465:0x27dbb263e9679a25!8m2!3d3.144694!4d101.7084864!16s%2Fg%2F11txdy5y0w!19sChIJZSTNHoA3zDERJZpn6WOy2yc?authuser=0&hl=en&rclk=1,4.8,"4,057",Kuala Lumpur
Skillet KL,Modern European,"· Lot 1-01, Level 1, Menara Hap Seng, 3, Jalan P. Ramlee",N/A,https://www.google.com/maps/place/Skillet+KL/data=!4m7!3m6!1s0x31cc37d5b041771f:0x9b2787eebb03281!8m2!3d3.153023!4d101.7075119!16s%2Fg%2F11bc738wp8!19sChIJH3dBsNU3zDERgTKw6354sgk?authuser=0&hl=en&rclk=1,4.5,"1,062",Kuala Lumpur
Nipah at EQ,Pan Asian,N/A,N/A,https://www.google.com/maps/place/Nipah+at+EQ/data=!4m7!3m6!1s0x31cc37d51df467bf:0x94a03a19165bba58!8m2!3d3.1528538!4d101.7098272!16s%2Fg%2F1tdxydgy!19sChIJv2f0HdU3zDERWLpbFhk6oJQ?authuser=0&hl=en&rclk=1,4.3,565,Kuala Lumpur
Khatulistiwa Skyline Dining,Asian Fusion,"· Level 10 & Rooftop, Bintang Collectionz Hotel, 68, Jln Bukit Bintang",N/A,https://www.google.com/maps/place/Khatulistiwa+Skyline+Dining/data=!4m7!3m6!1s0x31cc379845ee64c7:0xe598bc7c415a7f62!8m2!3d3.1456593!4d101.7096316!16s%2Fg%2F11x2d8wl_t!19sChIJx2TuRZg3zDERYn9aQXy8mOU?authuser=0&hl=en&rclk=1,4.7,83,Kuala Lumpur
"Gastro Sentral, Le Méridien Kuala Lumpur",Bistro,N/A,N/A,"https://www.google.com/maps/place/Gastro+Sentral,+Le+M%C3%A9ridien+Kuala+Lumpur/data=!4m7!3m6!1s0x31cc49c0e75d30af:0xb0fe316a568c747b!8m2!3d3.1357629!4d101.6861724!16s%2Fg%2F12qg7tk9f!19sChIJrzBd58BJzDERe3SMVmox_rA?authuser=0&hl=en&rclk=1",4.2,285,Kuala Lumpur
Sabayon at EQ,Modern European,"· Level 51, EQ, Equatorial Plaza, Jln Sultan Ismail",N/A,https://www.google.com/maps/place/Sabayon+at+EQ/data=!4m7!3m6!1s0x31cc49b80988066d:0x634fde62e87fa8cb!8m2!3d3.1529181!4d101.7097897!16s%2Fg%2F11h_g0tx93!19sChIJbQaICbhJzDERy6h_6GLeT2M?authuser=0&hl=en&rclk=1,4.7,"1,212",Kuala Lumpur
Flock,Buffet,Open · Closes 2:30 pm · Reopens 6:30 pm,N/A,https://www.google.com/maps/place/Flock/data=!4m7!3m6!1s0x31cc37702c414dc1:0xba167d7a8a56b9b8!8m2!3d3.158464!4d101.7094092!16s%2Fg%2F11gv0nhzk6!19sChIJwU1BLHA3zDERuLlWinp9Fro?authuser=0&hl=en&rclk=1,4.2,225,Kuala Lumpur
JWALA,Fine Dining,"· E - 2 - 01, Level 2, Block E, The Five, Kompleks Pejabat Damansara, 49, Jalan Dungun",N/A,https://www.google.com/maps/place/JWALA/data=!4m7!3m6!1s0x31cc491fd66fea79:0x266da097b808f973!8m2!3d3.1510866!4d101.6643787!16s%2Fg%2F11sdsfbjqq!19sChIJeepv1h9JzDERc_kIuJegbSY?authuser=0&hl=en&rclk=1,4.8,399,Kuala Lumpur
"YEN, W Kuala Lumpur",Chinese,Open · Closes 2:30 pm · Reopens 6 pm,N/A,"https://www.google.com/maps/place/YEN,+W+Kuala+Lumpur/data=!4m7!3m6!1s0x31cc37d17996f781:0x7dba9699ef1ebb95!8m2!3d3.1584966!4d101.709397!16s%2Fg%2F11gv0v3s5k!19sChIJgfeWedE3zDERlbse75mWun0?authuser=0&hl=en&rclk=1",4.6,390,Kuala Lumpur
Sausage KL Cafe & Deli,English,"· G5 Holiday Place Hotel, Jln Ampang",N/A,https://www.google.com/maps/place/Sausage+KL+Cafe+%26+Deli/data=!4m7!3m6!1s0x31cc375449a27ddd:0xf3ac77d1fa883cd1!8m2!3d3.159516!4d101.7266272!16s%2Fg%2F11f9cn394j!19sChIJ3X2iSVQ3zDER0TyI-tF3rPM?authuser=0&hl=en&rclk=1,4.7,521,Kuala Lumpur
Iketeru,Japanese,"· Level 8, Hilton Kuala Lumpur, 3, Jalan Stesen Sentral",N/A,https://www.google.com/maps/place/Iketeru/data=!4m7!3m6!1s0x31cc49c0ed174cb7:0xabacd06c6242dde0!8m2!3d3.1357422!4d101.6857772!16s%2Fg%2F1tf5yt3b!19sChIJt0wX7cBJzDER4N1CYmzQrKs?authuser=0&hl=en&rclk=1,4.5,644,Kuala Lumpur
Horizon Grill,Grill,"· Level 58, Banyan Tree, Horizon Grill |, 2, Jalan Conlay",N/A,https://www.google.com/maps/place/Horizon+Grill/data=!4m7!3m6!1s0x31cc362d6973efed:0x2abc3baa48ae873f!8m2!3d3.1504944!4d101.7137683!16s%2Fg%2F11ff2mkb7m!19sChIJ7e9zaS02zDERP4euSKo7vCo?authuser=0&hl=en&rclk=1,4.3,399,Kuala Lumpur
Restaurant Dominic,Modern French,Open · Closes 3 pm · Reopens 6 pm,N/A,https://www.google.com/maps/place/Restaurant+Dominic/data=!4m7!3m6!1s0x31cc482ee013b925:0x6caecd52262ef4b0!8m2!3d3.1585347!4d101.6995594!16s%2Fg%2F11bxfrxtdh!19sChIJJbkT4C5IzDERsPQuJlLNrmw?authuser=0&hl=en&rclk=1,4.4,722,Kuala Lumpur
MANGO CAFE AND RESTAURANT,Restaurant,N/A,N/A,https://www.google.com/maps/place/MANGO+CAFE+AND+RESTAURANT/data=!4m7!3m6!1s0x31cc49fd2ed94885:0x95aa82d746d2cd3d!8m2!3d3.1441739!4d101.6955837!16s%2Fg%2F11vt1s2vj0!19sChIJhUjZLv1JzDERPc3SRteCqpU?authuser=0&hl=en&rclk=1,4.6,195,Kuala Lumpur
Wagyu Kappo Yoshida KL,Japanese,"· Unit 3-48, Level 48, 10, Persiaran KLCC",N/A,https://www.google.com/maps/place/Wagyu+Kappo+Yoshida+KL/data=!4m7!3m6!1s0x31cc37e204e4715b:0x32155554dec49ee2!8m2!3d3.1547291!4d101.7186463!16s%2Fg%2F11sbjvrd3p!19sChIJW3HkBOI3zDER4p7E3lRVFTI?authuser=0&hl=en&rclk=1,4.8,145,Kuala Lumpur
M Grill • Malaysia,Grill,"· 2nd Floor, M Palace Hotel 97, Jalan Tuanku Abdul Rahman, Jalan Masjid India",N/A,https://www.google.com/maps/place/M+Grill+%E2%80%A2+Malaysia/data=!4m7!3m6!1s0x31cc494d7db4c8ff:0x3fdaca5d0580e355!8m2!3d3.1532601!4d101.6967162!16s%2Fg%2F11vx2ch70g!19sChIJ_8i0fU1JzDERVeOABV3K2j8?authuser=0&hl=en&rclk=1,4.8,79,Kuala Lumpur
Sakanaya Umihiko,Japanese,"· Unit P1-16, Level 4 Lot 10 Shopping Centre, 50, Jln Sultan Ismail",N/A,https://www.google.com/maps/place/Sakanaya+Umihiko/data=!4m7!3m6!1s0x31cc37abeba167f1:0xf92b9af69f9f8048!8m2!3d3.1466066!4d101.711819!16s%2Fg%2F11t142vjd2!19sChIJ8Weh66s3zDERSICfn_aaK_k?authuser=0&hl=en&rclk=1,4.6,"1,286",Kuala Lumpur
Kampachi EQ,Authentic Japanese,Open · Closes 3 pm · Reopens 6 pm,N/A,https://www.google.com/maps/place/Kampachi+EQ/data=!4m7!3m6!1s0x31cc49986e8b8ad5:0x7a0370a4832ec494!8m2!3d3.1530231!4d101.7098553!16s%2Fg%2F11fk4pmzl3!19sChIJ1YqLbphJzDERlMQug6RwA3o?authuser=0&hl=en&rclk=1,4.2,363,Kuala Lumpur
Pickle Dining,Restaurant,N/A,N/A,https://www.google.com/maps/place/Pickle+Dining/data=!4m7!3m6!1s0x31cc4932f6a6a7f7:0xf527a47e1ed803c!8m2!3d3.1451316!4d101.6982042!16s%2Fg%2F11lct4bbbb!19sChIJ96em9jJJzDERPIDt4Ud6Ug8?authuser=0&hl=en&rclk=1,4.4,171,Kuala Lumpur
Positano Risto,Italian,"· Block C1, Lot 2, Level G3, Publika Shopping Gallery, 1, Jln Dutamas 1",N/A,https://www.google.com/maps/place/Positano+Risto/data=!4m7!3m6!1s0x31cc490d92f62f67:0x22253425012afa02!8m2!3d3.1715819!4d101.6645253!16s%2Fg%2F11gw34z544!19sChIJZy_2kg1JzDERAvoqASU0JSI?authuser=0&hl=en&rclk=1,4.4,"2,783",Kuala Lumpur
Canopy Lounge Rooftop Bar KL,· $$$,N/A,N/A,https://www.google.com/maps/place/Canopy+Lounge+Rooftop+Bar+KL/data=!4m7!3m6!1s0x31cc37d742b7518f:0x7a707623b7f172f8!8m2!3d3.1604538!4d101.7113188!16s%2Fg%2F11c2p5vbb4!19sChIJj1G3Qtc3zDER-HLxtyN2cHo?authuser=0&hl=en&rclk=1,4.7,"5,908",Kuala Lumpur
Loo Loo Casual Dining Kuala Lumpur,Restaurant,"· B2-07, Block B, Beside RHB Bank, Plaza Damas 3, 63, Jalan Sri Hartamas 1",N/A,https://www.google.com/maps/place/Loo+Loo+Casual+Dining+Kuala+Lumpur/data=!4m7!3m6!1s0x31cc4939ecaafc7d:0x95b56d07325357b2!8m2!3d3.1630576!4d101.6568805!16s%2Fg%2F11hg45nyfz!19sChIJffyq7DlJzDERsldTMgdttZU?authuser=0&hl=en&rclk=1,4.7,446,Kuala Lumpur
Rooftop 25 • Hilton Garden Inn Kuala Lumpur,Restaurant,"· Level 25 of Hilton Garden Inn, South, 452, Jalan Tuanku Abdul Rahman",N/A,https://www.google.com/maps/place/Rooftop+25+%E2%80%A2+Hilton+Garden+Inn+Kuala+Lumpur/data=!4m7!3m6!1s0x31cc492291e58de5:0x671dafb268e06b4b!8m2!3d3.163973!4d101.6984162!16s%2Fg%2F11nh4g5y51!19sChIJ5Y3lkSJJzDERS2vgaLKvHWc?authuser=0&hl=en&rclk=1,4.0,355,Kuala Lumpur
Yun House,Cantonese,Open · Closes 3 pm · Reopens 6 pm,N/A,https://www.google.com/maps/place/Yun+House/data=!4m7!3m6!1s0x31cc378c34681a69:0x65ebafb1bdc89d80!8m2!3d3.1579887!4d101.7136921!16s%2Fg%2F11f6fgdspc!19sChIJaRpoNIw3zDERgJ3IvbGv62U?authuser=0&hl=en&rclk=1,4.4,381,Kuala Lumpur
Bombay Palace Restaurant,· $$,"· Life Centre, 20, Jln Sultan Ismail",N/A,https://www.google.com/maps/place/Bombay+Palace+Restaurant/data=!4m7!3m6!1s0x31cc37d50b527201:0xda102edf8bf1235e!8m2!3d3.153707!4d101.70852!16s%2Fg%2F11b6v5w98z!19sChIJAXJSC9U3zDERXiPxi98uENo?authuser=0&hl=en&rclk=1,4.1,"1,345",Kuala Lumpur
Chynna,· $$$$,"· Lobby Level, Hilton Kuala Lumpur, 3, Jalan Stesen Sentral",N/A,https://www.google.com/maps/place/Chynna/data=!4m7!3m6!1s0x31cc49c0ebf6504b:0x55858672f4a1aa22!8m2!3d3.1355333!4d101.6861929!16s%2Fg%2F12qfkgng2!19sChIJS1D268BJzDERIqqh9HKGhVU?authuser=0&hl=en&rclk=1,4.3,310,Kuala Lumpur
Bombay Grand Indian Cuisine - Brickfield Branch,Indian,"· G-5, Sentral Suites, 248, Jalan Tun Sambanthan",N/A,https://www.google.com/maps/place/Bombay+Grand+Indian+Cuisine+-+Brickfield+Branch/data=!4m7!3m6!1s0x31cc490073d5d8c9:0xf849d5404e84b500!8m2!3d3.1302128!4d101.6849219!16s%2Fg%2F11vyg1zwl8!19sChIJydjVcwBJzDERALWETkDVSfg?authuser=0&hl=en&rclk=1,4.8,"1,528",Kuala Lumpur
Serena Brasserie,Buffet,"· InterContinental Kuala Lumpur, 165 Jalan Ampang",N/A,https://www.google.com/maps/place/Serena+Brasserie/data=!4m7!3m6!1s0x31cc37d021e87a19:0x1782875abca472e2!8m2!3d3.1596062!4d101.7179492!16s%2Fg%2F1tggl421!19sChIJGXroIdA3zDER4nKkvFqHghc?authuser=0&hl=en&rclk=1,3.9,337,Kuala Lumpur
Ishin Japanese Dining | KL,· $$$,"· OFF, 202, Persiaran Klang, Batu 3¾, Jln Klang Lama, 58100 Kuala Lumpur3 3, 202 PERSIARAN KELANG, 4, Old Klang Rd",N/A,https://www.google.com/maps/place/Ishin+Japanese+Dining+%7C+KL/data=!4m7!3m6!1s0x31cc4a24ae4fa579:0x73faca8997f1a874!8m2!3d3.1027691!4d101.6779089!16s%2Fg%2F1thxhkx6!19sChIJeaVPriRKzDERdKjxl4nK-nM?authuser=0&hl=en&rclk=1,4.4,"1,160",Kuala Lumpur
The Hungry Tapir,Vegan,N/A,N/A,https://www.google.com/maps/place/The+Hungry+Tapir/data=!4m7!3m6!1s0x31cc49d74aaae9e9:0xdb90dd4267f8b036!8m2!3d3.1417916!4d101.697829!16s%2Fg%2F11fr1524fd!19sChIJ6emqStdJzDERNrD4Z0LdkNs?authuser=0&hl=en&rclk=1,4.6,"1,778",Kuala Lumpur
Shhhbuuuleee,Asian Fusion,N/A,N/A,https://www.google.com/maps/place/Shhhbuuuleee/data=!4m7!3m6!1s0x31cc4989a1b099fb:0x5adb892f8231bb!8m2!3d3.1449098!4d101.6984315!16s%2Fg%2F11pdsl_v6s!19sChIJ-5mwoYlJzDERuzGCL4nbWgA?authuser=0&hl=en&rclk=1,4.1,205,Kuala Lumpur
"Latest Recipe, Le Méridien Kuala Lumpur",· $$$,N/A,N/A,"https://www.google.com/maps/place/Latest+Recipe,+Le+M%C3%A9ridien+Kuala+Lumpur/data=!4m7!3m6!1s0x31cc49c0dcbcf401:0xa431127b4418275b!8m2!3d3.1357095!4d101.6862487!16s%2Fg%2F113g330kb!19sChIJAfS83MBJzDERWycYRHsSMaQ?authuser=0&hl=en&rclk=1",4.0,496,Kuala Lumpur
Boardwalk,Restaurant,N/A,N/A,https://www.google.com/maps/place/Boardwalk/data=!4m7!3m6!1s0x31cc49c0ebdcb7ed:0xa9d6780f957fde0d!8m2!3d3.1352695!4d101.6862389!16s%2Fg%2F12qf68zvj!19sChIJ7bfc68BJzDERDd5_lQ941qk?authuser=0&hl=en&rclk=1,4.7,22,Kuala Lumpur
Gajaa at 8 Indian Restaurant Kuala Lumpur,Modern Indian restaurant,Open · Closes 2:30 pm · Reopens 6 pm,N/A,https://www.google.com/maps/place/Gajaa+at+8+Indian+Restaurant+Kuala+Lumpur/data=!4m7!3m6!1s0x31cc4956558f72c9:0xddf9880cc95f35e4!8m2!3d3.1281272!4d101.6755757!16s%2Fg%2F11f6mjb_57!19sChIJyXKPVVZJzDER5DVfyQyI-d0?authuser=0&hl=en&rclk=1,4.5,"3,159",Kuala Lumpur
Havana Dining Kuala Lumpur,Fine Dining,"· Roof Skypark Level 6, Nu Sentral",N/A,https://www.google.com/maps/place/Havana+Dining+Kuala+Lumpur/data=!4m7!3m6!1s0x31cc49274deeede7:0x89e40b5ee67ccce0!8m2!3d3.1334534!4d101.6870178!16s%2Fg%2F11fpr3h6kv!19sChIJ5-3uTSdJzDER4Mx85l4L5Ik?authuser=0&hl=en&rclk=1,4.3,155,Kuala Lumpur
Pampas Steakhouse at Old Malaya,Steak,N/A,N/A,https://www.google.com/maps/place/Pampas+Steakhouse+at+Old+Malaya/data=!4m7!3m6!1s0x31cc49d523d9e087:0x83af95a7bfa1e927!8m2!3d3.1505647!4d101.7042052!16s%2Fg%2F11cncfj__r!19sChIJh-DZI9VJzDERJ-mhv6eVr4M?authuser=0&hl=en&rclk=1,4.5,"2,195",Kuala Lumpur
"Lai Foong Lala Noodles, Kuala Lumpur",Chinese Noodles,N/A,N/A,"https://www.google.com/maps/place/Lai+Foong+Lala+Noodles,+Kuala+Lumpur/data=!4m7!3m6!1s0x31cc49bc0ead513d:0x190158702c27d46a!8m2!3d3.1446077!4d101.6987433!16s%2Fg%2F11hkc_tq5m!19sChIJPVGtDrxJzDERatQnLHBYARk?authuser=0&hl=en&rclk=1",3.9,"2,308",Kuala Lumpur
El Cerdo,· $$$,"· 43 & 45, Changkat Bukit Bintang",N/A,https://www.google.com/maps/place/El+Cerdo/data=!4m7!3m6!1s0x31cc362a7555f7a5:0x52b87a4db9261706!8m2!3d3.1472361!4d101.7078781!16s%2Fg%2F1tjtfsdg!19sChIJpfdVdSo2zDERBhcmuU16uFI?authuser=0&hl=en&rclk=1,4.4,"1,444",Kuala Lumpur
Al-Baik Di Bistro Restaurant,Indian Muslim restaurant,N/A,N/A,https://www.google.com/maps/place/Al-Baik+Di+Bistro+Restaurant/data=!4m7!3m6!1s0x31cc49d1d0e391d5:0x5d60268368a9587f!8m2!3d3.1445632!4d101.6959181!16s%2Fg%2F11cs6kryd7!19sChIJ1ZHj0NFJzDERf1ipaIMmYF0?authuser=0&hl=en&rclk=1,4.4,"1,171",Kuala Lumpur
"The Mesh, Four Points by Sheraton Kuala Lumpur, City Centre",Restaurant,N/A,N/A,"https://www.google.com/maps/place/The+Mesh,+Four+Points+by+Sheraton+Kuala+Lumpur,+City+Centre/data=!4m7!3m6!1s0x31cc49e3836e8c0b:0x64d8a7e14a37d6a!8m2!3d3.1575406!4d101.7057227!16s%2Fg%2F11y1lx7rz7!19sChIJC4xug-NJzDERan2jFH6KTQY?authuser=0&hl=en&rclk=1",4.0,62,Kuala Lumpur
Graze,Italian,"· Level 5, 3, Jalan Stesen Sentral",N/A,https://www.google.com/maps/place/Graze/data=!4m7!3m6!1s0x31cc49c0e931eaed:0x4a2ce3970ded7bbb!8m2!3d3.1352695!4d101.6862389!16s%2Fg%2F12qfbbk4p!19sChIJ7eox6cBJzDERu3vtDZfjLEo?authuser=0&hl=en&rclk=1,4.5,181,Kuala Lumpur
Vasco's,Buffet,"· Level Lobby, 3, Jalan Stesen Sentral",N/A,https://www.google.com/maps/place/Vasco%27s/data=!4m7!3m6!1s0x31cc49c0eed464b5:0x2f0e84e5b734f61e!8m2!3d3.1355519!4d101.6859526!16s%2Fg%2F12qh81rl5!19sChIJtWTU7sBJzDERHvY0t-WEDi8?authuser=0&hl=en&rclk=1,4.1,482,Kuala Lumpur
Da Bao Restobar,Gastropub,N/A,N/A,https://www.google.com/maps/place/Da+Bao+Restobar/data=!4m7!3m6!1s0x31cc4903862b9c21:0x7c20d1e8173da3b3!8m2!3d3.1414978!4d101.6978837!16s%2Fg%2F11j4nbqm86!19sChIJIZwrhgNJzDERs6M9F-jRIHw?authuser=0&hl=en&rclk=1,4.5,830,Kuala Lumpur
The Silver Monkey,Grill,N/A,N/A,https://www.google.com/maps/place/The+Silver+Monkey/data=!4m7!3m6!1s0x31cc49cd68409e69:0x71b42f04b3d67e73!8m2!3d3.1525944!4d101.7057805!16s%2Fg%2F11vr9565_p!19sChIJaZ5AaM1JzDERc37WswQvtHE?authuser=0&hl=en&rclk=1,4.6,29,Kuala Lumpur
Entier French Dining,Modern French,"· Level 41, Alila Bangsar, 58, Jalan Ang Seng",N/A,https://www.google.com/maps/place/Entier+French+Dining/data=!4m7!3m6!1s0x31cc49940b03a20b:0xb917ca42af479ff0!8m2!3d3.128095!4d101.6803012!16s%2Fg%2F11hd1v3cvg!19sChIJC6IDC5RJzDER8J9Hr0LKF7k?authuser=0&hl=en&rclk=1,4.4,"1,489",Kuala Lumpur
Yeast Bistronomy,French,N/A,N/A,https://www.google.com/maps/place/Yeast+Bistronomy/data=!4m7!3m6!1s0x31cc49980f48346b:0xbcb942fb39d90f09!8m2!3d3.1319167!4d101.6718287!16s%2Fg%2F12qfq3ng8!19sChIJazRID5hJzDERCQ_ZOftCubw?authuser=0&hl=en&rclk=1,4.6,"2,510",Kuala Lumpur
TRACE Restaurant and Bar,Restaurant,"· Level 40, Element Kuala Lumpur, Ilham Tower, 8, Jln Binjai",N/A,https://www.google.com/maps/place/TRACE+Restaurant+and+Bar/data=!4m7!3m6!1s0x31cc37cfd75abb95:0x78655e1f812a7f03!8m2!3d3.1588889!4d101.7188889!16s%2Fg%2F11h08j3j9f!19sChIJlbta1883zDERA38qgR9eZXg?authuser=0&hl=en&rclk=1,4.0,528,Kuala Lumpur
Moghul Mahal Restaurant @ Menara KL,Indian,"· UG-06&07, Upper Ground Floor Menara Kuala Lumpur No.2, Jalan Punchak, Off, Jalan P. Ramlee",N/A,https://www.google.com/maps/place/Moghul+Mahal+Restaurant+@+Menara+KL/data=!4m7!3m6!1s0x31cc49d553f0f3a3:0x276ca7689bb0465a!8m2!3d3.1529199!4d101.703507!16s%2Fg%2F1pzvbsdjc!19sChIJo_PwU9VJzDERWkawm2inbCc?authuser=0&hl=en&rclk=1,4.4,919,Kuala Lumpur
Le Petit Chef • Kuala Lumpur,Restaurant,N/A,N/A,https://www.google.com/maps/place/Le+Petit+Chef+%E2%80%A2+Kuala+Lumpur/data=!4m7!3m6!1s0x31cc37b1c32c47df:0x6406d6cb4e595413!8m2!3d3.153664!4d101.712256!16s%2Fg%2F11h5ryjzsr!19sChIJ30csw7E3zDERE1RZTsvWBmQ?authuser=0&hl=en&rclk=1,4.4,473,Kuala Lumpur
Chocha Foodstore,· $$$,N/A,N/A,https://www.google.com/maps/place/Chocha+Foodstore/data=!4m7!3m6!1s0x31cc49da88fa1169:0x29e4c525bec53a5c!8m2!3d3.1408204!4d101.6982343!16s%2Fg%2F11c46dtlbw!19sChIJaRH6iNpJzDERXDrFviXF5Ck?authuser=0&hl=en&rclk=1,3.9,921,Kuala Lumpur
Fritz,Modern European,"· Level 23A Tower B, The Troika, 19, Persiaran KLCC",N/A,https://www.google.com/maps/place/Fritz/data=!4m7!3m6!1s0x31cc362be8c7ece5:0x357d401017639dcc!8m2!3d3.1581273!4d101.7180557!16s%2Fg%2F11f3v1hww4!19sChIJ5ezH6Cs2zDERzJ1jFxBAfTU?authuser=0&hl=en&rclk=1,4.6,402,Kuala Lumpur
Molina,Fine Dining,"· Level 51, THE FACE Style, 1020, Jln Sultan Ismail",N/A,https://www.google.com/maps/place/Molina/data=!4m7!3m6!1s0x31cc4945002725c1:0x29d167acc06d95a4!8m2!3d3.158689!4d101.7040495!16s%2Fg%2F11vz5bcxtt!19sChIJwSUnAEVJzDERpJVtwKxn0Sk?authuser=0&hl=en&rclk=1,4.4,72,Kuala Lumpur
Strato at Troika Sky Dining,· $$$,"· Level 23A Tower B, The Troika, 19, Persiaran KLCC",N/A,https://www.google.com/maps/place/Strato+at+Troika+Sky+Dining/data=!4m7!3m6!1s0x31cc37d1d7b820e7:0x67b9dbf8a5c0b487!8m2!3d3.1581144!4d101.7179393!16s%2Fg%2F12qg460ll!19sChIJ5yC419E3zDERh7TApfjbuWc?authuser=0&hl=en&rclk=1,4.4,661,Kuala Lumpur
Mr. Chew's Chino Latino Bar,Latin American,"· Level 23A Tower B, The Troika, 19, Persiaran KLCC",N/A,https://www.google.com/maps/place/Mr.+Chew%27s+Chino+Latino+Bar/data=!4m7!3m6!1s0x31cc362be8e190e5:0x399775ac6d86ac!8m2!3d3.1581273!4d101.7180557!16s%2Fg%2F11d_8dnxf0!19sChIJ5ZDh6Cs2zDERrIZtrHWXOQA?authuser=0&hl=en&rclk=1,4.4,462,Kuala Lumpur
Roofino Skydining,Restaurant,N/A,N/A,https://www.google.com/maps/place/Roofino+Skydining/data=!4m7!3m6!1s0x31cc37db29c20085:0xd95e4143ba318419!8m2!3d3.1633844!4d101.7177893!16s%2Fg%2F11c20pq32p!19sChIJhQDCKds3zDERGYQxukNBXtk?authuser=0&hl=en&rclk=1,4.2,"1,249",Kuala Lumpur
Contango,· $$$,N/A,N/A,https://www.google.com/maps/place/Contango/data=!4m7!3m6!1s0x31cc49c5aca40177:0xba91d00b3dea7946!8m2!3d3.1383609!4d101.6916438!16s%2Fg%2F12qgffms4!19sChIJdwGkrMVJzDERRnnqPQvQkbo?authuser=0&hl=en&rclk=1,4.2,"1,461",Kuala Lumpur
Shang Palace • Shangri-La Hotel • Kuala Lumpur,Chinese,Open · Closes 2:30 pm · Reopens 6:30 pm,N/A,https://www.google.com/maps/place/Shang+Palace+%E2%80%A2+Shangri-La+Hotel+%E2%80%A2+Kuala+Lumpur/data=!4m7!3m6!1s0x31cc482a72b1a05f:0x14e532a4cc389ae!8m2!3d3.15421!4d101.70627!16s%2Fg%2F1tgyz2dp!19sChIJX6CxcipIzDERronDTCpTTgE?authuser=0&hl=en&rclk=1,4.2,493,Kuala Lumpur
Sky Restaurant,Asian,"· 2nd Floor, 29B, Jalan Tun Tan Cheng Lock",N/A,https://www.google.com/maps/place/Sky+Restaurant/data=!4m7!3m6!1s0x31cc49d10ad22799:0x98b2cb53bf93c363!8m2!3d3.1452678!4d101.6984311!16s%2Fg%2F1q62dt4lp!19sChIJmSfSCtFJzDERY8OTv1PLspg?authuser=0&hl=en&rclk=1,3.8,18,Kuala Lumpur
